,item_id,epocas,prediction_order,auto_order,training_mse,training_rmse,training_mae,trainig_mape,validation_mse,validation_rmse,validation_mae,validation_mape
0,28404,24,14,180,6.79315226439704,46.14691768728264,5.01070159987454,19.9374797612277,6.79315226439704,145.69240928410406,9.696462203500856,29.706346978509835
