,item_id,epocas,prediction_order,auto_order,training_mse,training_rmse,training_mae,trainig_mape,validation_mse,validation_rmse,validation_mae,validation_mape
0,436309,29,14,180,6.607320019999837,43.65667784669065,5.305695766083338,22.659556228719644,6.607320019999837,348.2795218688662,16.778061618149216,640.2318808126709
