,item_id,epocas,prediction_order,auto_order,training_mse,training_rmse,training_mae,trainig_mape,validation_mse,validation_rmse,validation_mae,validation_mape
0,925135,31,14,180,0.8323450153935582,0.6927982246505027,0.6474757128405098,14.30829376734811,0.8323450153935582,55.01382401169006,5.951535549982654,78.33596660186143
