,item_id,epocas,prediction_order,auto_order,training_mse,training_rmse,training_mae,trainig_mape,validation_mse,validation_rmse,validation_mae,validation_mape
0,964475,46,14,180,2.1916370288764724,4.803272866342491,1.6839294412726655,23.41562847689046,2.1916370288764724,160.9206230701894,7.812059176904367,199.4057369732838
