,item_id,epocas,prediction_order,auto_order,training_mse,training_rmse,training_mae,trainig_mape,validation_mse,validation_rmse,validation_mae,validation_mape
0,28640,78,14,180,0.9984331105930386,0.996868676328491,0.74278050169959,7.071940837184647,0.9984331105930386,47.24687907029211,4.925188656505469,57.967086728952175
