,item_id,epocas,prediction_order,auto_order,training_mse,training_rmse,training_mae,trainig_mape,validation_mse,validation_rmse,validation_mae,validation_mape
0,12430,47,14,180,0.7324806561325783,0.5365279116084124,0.5469896586810611,8.718503288310318,0.7324806561325783,65.44963753202411,5.046201357475,61.79903844299892
