,item_id,epocas,prediction_order,auto_order,training_mse,training_rmse,training_mae,trainig_mape,validation_mse,validation_rmse,validation_mae,validation_mape
0,960281,40,14,180,1.2840488154813654,1.6487813605390975,0.8216211658946427,11.889389656418494,1.2840488154813654,10.95114641273168,2.9519239915546827,94.82673493943088
