,item_id,epocas,prediction_order,auto_order,training_mse,training_rmse,training_mae,trainig_mape,validation_mse,validation_rmse,validation_mae,validation_mape
0,286750,28,14,180,0.7506874663201086,0.5635316720901042,0.5433981922917442,15.05898266551986,0.7506874663201086,8.248751804535393,2.49018725013332,117.88156818108948
