,item_id,epocas,prediction_order,auto_order,training_mse,training_rmse,training_mae,trainig_mape,validation_mse,validation_rmse,validation_mae,validation_mape
0,55483,16,14,180,9.879171236266256,97.59802431547052,7.947463501244417,19.85108028619932,9.879171236266256,89.87600135869415,7.07733154186523,15.329667619278448
