,item_id,epocas,prediction_order,auto_order,training_mse,training_rmse,training_mae,trainig_mape,validation_mse,validation_rmse,validation_mae,validation_mape
0,1384,14,14,180,18.367444603459266,337.3630212611449,14.189988644893885,20.67027884063454,18.367444603459266,960.1066540016724,24.650439041344345,27.853081894008103
