,item_id,epocas,prediction_order,auto_order,training_mse,training_rmse,training_mae,trainig_mape,validation_mse,validation_rmse,validation_mae,validation_mape
0,960271,66,14,180,1.1122369376817303,1.237071005543633,0.93297848644633,10.280538665251678,1.1122369376817303,89.3993802493346,8.064803852911087,57.69346061181982
