,item_id,epocas,prediction_order,auto_order,training_mse,training_rmse,training_mae,trainig_mape,validation_mse,validation_rmse,validation_mae,validation_mape
0,457743,74,14,180,1.7845078328371349,3.184468205457088,1.4051038634682136,13.141539689367718,1.7845078328371349,41.44496876323776,4.767500969660878,46.83417776635608
