,item_id,epocas,prediction_order,auto_order,training_mse,training_rmse,training_mae,trainig_mape,validation_mse,validation_rmse,validation_mae,validation_mape
0,86952,63,14,180,0.8651073956299226,0.7484108059735873,0.6354652463366699,8.24050142416973,0.8651073956299226,69.0625190925664,5.770509922786134,320.46735876577435
