,item_id,epocas,prediction_order,auto_order,training_mse,training_rmse,training_mae,trainig_mape,validation_mse,validation_rmse,validation_mae,validation_mape
0,937946,37,14,180,0.5537470699265111,0.3066358174521964,0.355877453316722,8.92001897427634,0.5537470699265111,9.764100311608084,2.3199903994934346,72.59156700404033
