,item_id,epocas,prediction_order,auto_order,training_mse,training_rmse,training_mae,trainig_mape,validation_mse,validation_rmse,validation_mae,validation_mape
0,1078520,40,14,180,2.86150162127018,8.188191528531867,2.1041244460120967,15.067726543245902,2.86150162127018,72.06751925791679,7.288016168268856,42.29411440453322
