,item_id,epocas,prediction_order,auto_order,training_mse,training_rmse,training_mae,trainig_mape,validation_mse,validation_rmse,validation_mae,validation_mape
0,555348,13,14,180,11.784268951118902,138.86899471230498,8.771689909016636,22.800239580800525,11.784268951118902,508.083941347981,15.11785375192218,36.68691249595917
