,item_id,epocas,prediction_order,auto_order,training_mse,training_rmse,training_mae,trainig_mape,validation_mse,validation_rmse,validation_mae,validation_mape
0,1393,21,14,180,53.167074305861256,2826.737790244972,41.893085910703704,12.876043977527734,53.167074305861256,7406.268145519544,78.44382858197189,22.093372742402213
