,item_id,epocas,prediction_order,auto_order,training_mse,training_rmse,training_mae,trainig_mape,validation_mse,validation_rmse,validation_mae,validation_mape
0,2025,41,14,180,1.2039045677348885,1.449386208212929,0.833732041762736,10.342841177352883,1.2039045677348885,47.31745613214049,5.613352935709947,234.92197324524105
