,item_id,epocas,prediction_order,auto_order,training_mse,training_rmse,training_mae,trainig_mape,validation_mse,validation_rmse,validation_mae,validation_mape
0,963987,43,14,180,5.085599710217501,25.863324412564328,3.53839427726751,10.950726764115688,5.085599710217501,239.92199121313237,11.469148215378139,28.57371714970262
