,item_id,epocas,prediction_order,auto_order,training_mse,training_rmse,training_mae,trainig_mape,validation_mse,validation_rmse,validation_mae,validation_mape
0,506417,26,14,180,0.8577586312799064,0.7357498695351783,0.493760465197772,10.709080312629151,0.8577586312799064,61.87169600983164,6.203441034291709,157.70511566900865
