,item_id,epocas,prediction_order,auto_order,training_mse,training_rmse,training_mae,trainig_mape,validation_mse,validation_rmse,validation_mae,validation_mape
0,190535,13,14,180,2.5621498446867967,6.5646118266285765,2.0086097093183906,23.892289072832153,2.5621498446867967,11.617332126870862,2.7334332063079296,24.691511748480576
