,item_id,epocas,prediction_order,auto_order,training_mse,training_rmse,training_mae,trainig_mape,validation_mse,validation_rmse,validation_mae,validation_mape
0,937938,24,14,180,3.5766024509722234,12.792085092300516,2.718012467041006,31.47314061979916,3.5766024509722234,21.367559596437875,3.9929069676081546,53.57596800077145
